﻿{
	"Id": "b173b9b6-d26d-49fd-a4d1-a1c8cc8aa7d8",
	"AppName": "Торговое место",
	"Name": "ABC и XYZ анализ",
	"Categories": [ "Дополнительный отчет" ],
	"Description": "Отчеты ABC и XYZ анализ продаж товаров (требуется платная лицензия)",
	"Version": "1.3",
	"MinAppVersion": "1.12",
	"ChangeLog": [
		"1.3", "Добавлен отчёт XYZ анализ",
		"1.2", "Исправление фильтра по товарам и складам",
		"1.1", "Изменения для соответствия версии 1.9"
	]
}
