{
	"Id": "f91cf013-de34-40cd-824a-f776b8c74498",
	"AppName": "Торговое место",
	"Name": "Торг-12",
	"Categories": [ "Печатные формы" ],
	"Description": "Унифицированная форма № Торг-12",
	"Version": "1.6",
	"MinAppVersion": "1.12",
	"ChangeLog": [
		"1.5", "Исправлен вывод некоторых полей 'Комментарий', 'НомерСтраницы', 'КоличествоСтрок', 'ВсегоНаименований'"
	]
}
