{
    "Id": "a1a98be6-0efa-4c8b-8a01-e66cfc8a5345",
    "AppName": "Торговое место",
    "Name": "Ремонт товаров",
    "Categories": [ "Дополнительный документ", "Дополнительный отчет", "Дополнительный журнал" ],
    "Description": "Учет товаров в ремонте принимаемых от клиентов",
    "Version": "1.2",
    "MinAppVersion": "1.10",
		"ChangeLog": [
		"1.2", "Ввод Выдачи из ремонта на основании Приема в ремонт"
	]
}
