{
    "Id": "71a776ec-9332-482f-9682-38639854625a",
    "AppName": "Торговое место",
    "Name": "Быстрый подбор в РМК",
    "Categories": [ "РМК" ],
    "Description": "Панель с кнопками для быстрого подбора в РМК",
    "Version": "1.4",
    "MinAppVersion": "1.12",
    "ChangeLog": [
        "1.3", "Комбинация Shift+Цифра",
        "1.2", "Учёт нововведений в РМК",
        "1.1", "Исправлены ошибки"
    ]
}
