{
	"Id": "c91e8578-4304-4b19-b25e-2072c246df4f",
	"AppName": "Торговое место",
	"Name": "Код УКТЗЕД",
    "Categories": [ "Дополнительный реквизит" ],
	"Description": "Добавляет для товара реквизит Код УКТЗЕД (код по украинскому классификатору товаров внешнеэкономической деятельности)",
	"Version": "1.1",
	"MinVersion": "2.1.1707",
	"MinAppVersion": "1.5"
}