{
    "Id": "d52b1048-17d9-4e46-9ff2-3d4f44ad9099",
    "AppName": "Торговое место",
    "Name": "Изображения товаров",
    "Categories": [ "Отображение данных", "РМК" ],
    "Description": "Изображения товаров в форме списка товаров и в РМК",
    "Version": "1.1",
    "MinAppVersion": "1.9",
	"ChangeLog": [
		"1.1", "Отображение картинок в списке товаров при подборе в РМК."
	]
}
