{
    "Id": "7b1c0954-2f0b-44d9-9dd1-1d8fd276330a",
    "AppName": "Торговое место",
    "Name": "Перенос данных",
    "Categories": [ "Дополнительная обработка" ],
    "Description": "Обработка для переноса данных между различными базами данных",
    "Version": "1.15",
    "MinAppVersion": "1.12",
	"ChangeLog": [
		"1.14", "Добавлен перенос пользователей.",
		"1.13", "Исправлен простой перенос. Добавлена проверка установленных модулей.",
		"1.12", "Исправлена повторная загрузка документов",
		"1.11", "Добавлен простой способ переноса данных. Переносятся только не помеченные на удаление справочники, остатки и цены товаров",
		"1.10", "Изменения для совместимости с версией 1.8"
	]
}
