{
	"Id": "0a8fda3f-081f-4c97-a98f-6342b9682a85",
	"AppName": "Торговое место",
	"Name": "Z-отчет. Чековая лента",
	"Categories": [ "Печатные формы" ],
	"Description": "Печатная форма чековой ленты для документа Z-отчет",
	"Version": "1.2",
	"MinAppVersion": "1.12",
	"ChangeLog": [
		"1.1", "Добавлен вывод СБП в печатную форму",
		"1.0", "Добавлена печатная форма"
	]
}
