{
	"Id": "df1b6914-365f-4866-980d-46c9630aebfd",
	"AppName": "Торговое место",
	"Name": "РМК. Товары с остатками",
    "Categories": [ "Дополнительный реквизит", "Отображение данных", "РМК" ],
	"Description": "Добавляет колонку 'Остаток' в список подбора товаров и в таблицу уже подобранных товаров в РМК",
	"Version": "1.7",
	"MinAppVersion": "1.11",
    "ChangeLog": [
		"1.7", "Исправление фильтра",
        "1.6", "Остатки по складам"
    ]
}
