{
    "Id": "e5e48576-07bc-4971-a613-7350420bf43b",
    "AppName": "Торговое место",
    "Name": "Артикул товара",
    "Categories": [ "Дополнительный реквизит" ],
    "Description": "Добавляет реквизит товара, определяющий артикул (внутренний код магазина, либо поставщика товара)",
    "Version": "1.3",
    "MinAppVersion": "1.9",
    "ChangeLog": [
        "1.3",
        "Добавляет поле Артикул в отчет Экспорт в Excel. Локализация.",
        "1.2",
        "Вывод артикула в заказе товара",
    ]
}
