{
    "Id": "42c3ec84-a51f-4444-bec4-3713fb23b7c6",
    "AppName": "Торговое место",
    "Name": "Накладная на отпуск товаров на сторону",
    "Categories": [ "Печатные формы" ],
    "Description": "Печатная форма 'Накладная на отпуск товаров на сторону' для документа Расход товаров. Для Казахстана.",
    "Version": "1.0",
    "MinAppVersion": "1.9"
}
