{
	"Id": "af8d7442-6229-4cf0-a5d4-8c6ea19444c9",
	"AppName": "Торговое место",
	"Name": "Продажи по покупателям",
    "Categories": [ "Дополнительный отчет" ],
	"Description": "Отчет о продажах по покупателям. Покажет за период кто и когда делал у вас покупки с детализацией по товарам.",
	"Version": "1.6",
	"MinAppVersion": "1.12",
	"ChangeLog": [
		"1.5", "Изменения для соответствия версии 1.9"
	]
}
