﻿{
	"Id": "dbc5913d-29f7-434d-a2e1-29a4451901af",
	"AppName": "Торговое место",
	"Name": "Импорт",
	"Categories": [ "Дополнительная обработка" ],
	"Description": "Импорт товаров, штрих-кодов, остатков и цен продажи из Excel или CSV файла, импорт контрагентов",
	"Version": "1.19",
	"MinAppVersion": "1.12",
	"ChangeLog": [
		"1.19",
		"Улучшен разбор цен.",
		"1.18",
		"Поиск товара по наименованию при импорте первичен.",
		"1.17",
		"Удаление лишних пробелов при импорте наименований товаров.",
		"1.16",
		"Обработка точки с запятой и пробела при указании нескольких штрих-кодов.",
		"1.15",
		"Добавлен импорт контрагентов.",
		"1.14",
		"Исправление ошибки при наличии двух и более одинаковых товаров в базе данных.",
		"1.13",
		"Убрана колонка Код. Поиск по штрих-кодам или наименованию товара при импорте с уже заполненными товарами. Исправление при импорте двойных записей в файле.",
		"1.12",
		"Исправление при импорте штрих-кодов. Автоматическое создание склада если нет. Автоматическое проведение прихода и ценообразования.",
		"1.11",
		"Исправление при импорте с уже существующими товарами.",
		"1.10",
		"Улучшено отображение при масштабировании шрифтов."
	]
}
