﻿{
    "Id": "114dfe8a-88ea-4bf2-bdbc-41b68b8bcaea",
    "AppName": "Торговое место",
    "Name": "Запросы и скрипты",
    "Categories": [ "Дополнительная обработка" ],
    "Description": "Возможность выполнить прямые запросы к БД или выполнить скрипт",
    "DescriptionLong": [
        "Возможность выполнить прямые запросы к БД или выполнить скрипт.",
        "<b>Обработки из данного модуля требуют определенного навыка использования.</b>"
    ],
    "Version": "1.2",
    "MinVersion": null,
    "MinAppVersion": "1.5"
}
