{
    "Id": "4bf41df3-36b7-4f15-bc59-ac0a4a605433",
    "AppName": "Торговое место",
    "Name": "Учет заявок",
    "Categories": [ "Дополнительный документ", "Дополнительный отчет", "Дополнительный журнал" ],
    "Description": "Учет заявок поступающих от покупателей",
    "Version": "1.8",
	"MinAppVersion": "1.11",
	"ChangeLog": [
		"1.8", "Цвет для статуса заявки."
	]
}
