{
	"Id": "f0f5950f-04c3-44d0-bf01-23f880da9583",
	"AppName": "Торговое место",
	"Name": "Списывающий Чек",
	"Categories": [ "РМК" ],
	"Description": "Переопределяет логику проведения Чека и Z-отчета. Чек будет регистрировать продажи и списывать товары с остатков. Z-отчет будет формальным документом, закрывающим смену.",
	"Version": "1.4",
	"MinAppVersion": "1.12",
	"ChangeLog": [
		"1.4", "Совместимость с версией 1.12.",
		"1.3", "Добавлена возможность возврата без Чека продажи."
	]
}
