{
	"Id": "f02af1dc-6950-4596-9143-c74a2ac436c0",
	"AppName": "Торговое место",
	"Name": "Товары контрагента",
    "Categories": [ "Управление ценами" ],
	"Description": "Модуль предназначен для оптовиков и актуален только в Расходе товаров. Оптовик в карточке контрагента проставляет специальные цены для него (согласно договору). Далее при выборе этого контрагента в Расходе товаров в режиме Продажа опт получает те цены которые указаны для выбранного клиента.",
	"Version": "1.2",
	"MinAppVersion": "1.12"
}