{
	"Id": "c965ef28-6219-4327-91e9-ca6f51f0ad6c",
	"AppName": "Торговое место",
	"Name": "Обмен с Эвотор",
	"Categories": [ "Дополнительная обработка", "РМК" ],
	"Description": "Обмен с Облаком Эвотор информацией о товарах и продажах",
	"Version": "1.7",
	"MinAppVersion": "1.11",
	"ChangeLog": [
		"1.7", "Попытка исправить проблему с SSL",
		"1.5", "Добавлена выгрузка остатков товаров"
	]
}
