﻿{
	"Id": "e5263372-f0b5-4bae-bf8d-e9d535e8bd06",
	"AppName": "Торговое место",
	"Name": "Экспорт",
	"Categories": [ "Дополнительная обработка" ],
	"Description": "Экспорт товаров, штрих-кодов, остатков и цен в Excel",
	"Version": "1.2",
	"MinAppVersion": "1.9",
	"ChangeLog": [
		"1.2", "Исправление вывода 10-ти строк",
		"1.1", "Локализация",
		"1.0", "Добавлен отчет Экспорт в Excel"
	]
}
