{
    "Id": "b46d44a5-dc9a-42f3-9a1f-be9381a08791",
    "AppName": "Торговое место",
    "Name": "Рекомендатель",
    "Categories": [ "Дополнительный реквизит", "Дополнительный отчет" ],
    "Description": "Добавляет реквизит 'Рекомендатель' в документ 'Расход товаров' и отчет 'Продажи по рекомендателям'",
    "Version": "1.3",
    "MinAppVersion": "1.9",
	"ChangeLog": [
		"1.3", "Изменения для соответствия версии 1.9"
	]
}