{
	"Id": "ab22c140-2e36-43db-84b1-66c6c8acf7e5",
	"AppName": "Торговое место",
	"Name": "Остатки по складам",
	"Categories": [ "Дополнительный отчет" ],
	"Description": "Отчет об остатках товаров по складам",
	"Version": "1.3",
	"MinAppVersion": "1.5",
	"ChangeLog": [
		"1.3", "Исправление для автоотчетов, если склады не отмечены, то отчет формируется по всем складам."
	]
}
