{
    "Id": "d3567794-f52e-43f3-bc64-7beebc4593c8",
    "AppName": "Торговое место",
    "Name": "Прайс-лист",
    "Categories": [ "Дополнительный отчет" ],
    "Description": "Отчет для печати списка товаров с ценами продажи",
    "Version": "1.9",
    "MinAppVersion": "1.12",
    "ChangeLog": [
        "1.8",
        "Добавлена возможность расширения отчета",
        "1.7",
        "Исправление для корректной работы в автоматических отчетах",
    ]
}
