﻿{
	"Id": "b173b9b6-d26d-49fd-a4d1-a1c8cc8aa7d8",
	"AppName": "Торговое место",
	"Name": "ABC анализ",
	"Categories": [ "Дополнительный отчет" ],
	"Description": "Отчет ABC анализ продаж товаров (требуется платная лицензия)",
	"Version": "1.2",
	"MinAppVersion": "1.11",
	"ChangeLog": [
		"1.2", "Исправление фильтра по товарам и складам",
		"1.1", "Изменения для соответствия версии 1.9"
	]
}
